"Nombre","NombreMostrado","Estado","TipoInicio","Cuenta","RutaImagen","Ejecutable","EnRutaEstandar","RutaSinComillas","Descripcion","PID"
"AJRouter","AllJoyn Router Service","Stopped","Manual","NT AUTHORITY\LocalService","C:\Windows\system32\svchost.exe -k LocalServiceNetworkRestricted -p","C:\Windows\system32\svchost.exe","True","False","Routes AllJoyn messages for the local AllJoyn clients. If this service is stopped the AllJoyn clients that do not have their own bundled routers will be unable to run.","0"
"ALG","Application Layer Gateway Service","Stopped","Manual","NT AUTHORITY\LocalService","C:\Windows\System32\alg.exe","C:\Windows\System32\alg.exe","True","False","Provides support for 3rd party protocol plug-ins for Internet Connection Sharing","0"
"AppHostSvc","Application Host Helper Service","Running","Auto","localSystem","C:\Windows\system32\svchost.exe -k apphost","C:\Windows\system32\svchost.exe","True","False","Provides administrative services for IIS, for example configuration history and Application Pool account mapping. If this service is stopped, configuration history and locking down files or directories with Application Pool specific Access Control Entries will not work.","3240"
"AppIDSvc","Application Identity","Stopped","Manual","NT Authority\LocalService","C:\Windows\system32\svchost.exe -k LocalServiceNetworkRestricted -p","C:\Windows\system32\svchost.exe","True","False","Determines and verifies the identity of an application. Disabling this service will prevent AppLocker from being enforced.","0"
"Appinfo","Application Information","Running","Manual","LocalSystem","C:\Windows\system32\svchost.exe -k netsvcs -p","C:\Windows\system32\svchost.exe","True","False","Facilitates the running of interactive applications with additional administrative privileges.  If this service is stopped, users will be unable to launch applications with the additional administrative privileges they may require to perform desired user tasks.","15336"
"AppMgmt","Application Management","Stopped","Manual","LocalSystem","C:\Windows\system32\svchost.exe -k netsvcs -p","C:\Windows\system32\svchost.exe","True","False","Processes installation, removal, and enumeration requests for software deployed through Group Policy. If the service is disabled, users will be unable to install, remove, or enumerate software deployed through Group Policy. If this service is disabled, any services that explicitly depend on it will ...","0"
"AppReadiness","App Readiness","Stopped","Manual","LocalSystem","C:\Windows\System32\svchost.exe -k AppReadiness -p","C:\Windows\System32\svchost.exe","True","False","Gets apps ready for use the first time a user signs in to this PC and when adding new apps.","0"
"AppVClient","Microsoft App-V Client","Stopped","Disabled","LocalSystem","C:\Windows\system32\AppVClient.exe","C:\Windows\system32\AppVClient.exe","True","False","Manages App-V users and virtual applications","0"
"AppXSvc","AppX Deployment Service (AppXSVC)","Running","Manual","LocalSystem","C:\Windows\system32\svchost.exe -k wsappx -p","C:\Windows\system32\svchost.exe","True","False","Provides infrastructure support for deploying Store applications. This service is started on demand and if disabled Store applications will not be deployed to the system, and may not function properly.","49948"
"aspnet_state","ASP.NET State Service","Stopped","Manual","NT AUTHORITY\NetworkService","C:\Windows\Microsoft.NET\Framework64\v4.0.30319\aspnet_state.exe","C:\Windows\Microsoft.NET\Framework64\v4.0.30319\aspnet_state.exe","True","False","Provides support for out-of-process session states for ASP.NET. If this service is stopped, out-of-process requests will not be processed. If this service is disabled, any services that explicitly depend on it will fail to start.","0"
"AudioEndpointBuilder","Windows Audio Endpoint Builder","Stopped","Manual","LocalSystem","C:\Windows\System32\svchost.exe -k LocalSystemNetworkRestricted -p","C:\Windows\System32\svchost.exe","True","False","Manages audio devices for the Windows Audio service.  If this service is stopped, audio devices and effects will not function properly.  If this service is disabled, any services that explicitly depend on it will fail to start","0"
"Audiosrv","Windows Audio","Stopped","Manual","NT AUTHORITY\LocalService","C:\Windows\System32\svchost.exe -k LocalServiceNetworkRestricted -p","C:\Windows\System32\svchost.exe","True","False","Manages audio for Windows-based programs.  If this service is stopped, audio devices and effects will not function properly.  If this service is disabled, any services that explicitly depend on it will fail to start","0"
"AxInstSV","ActiveX Installer (AxInstSV)","Stopped","Disabled","LocalSystem","C:\Windows\system32\svchost.exe -k AxInstSVGroup","C:\Windows\system32\svchost.exe","True","False","Provides User Account Control validation for the installation of ActiveX controls from the Internet and enables management of ActiveX control installation based on Group Policy settings. This service is started on demand and if disabled the installation of ActiveX controls will behave according to d...","0"
"AzureAttestService","AzureAttestService","Running","Auto","LocalSystem","C:\Windows\system32\svchost.exe -k AzureAttestService","C:\Windows\system32\svchost.exe","True","False","","3328"
"B1LicenseService","SAP Business One License Manager (64-bit)","Running","Auto","LocalSystem","""c:\Program Files\SAP\SAP Business One ServerTools\License Service\service\B1_License.exe""","c:\Program Files\SAP\SAP Business One ServerTools\License Service\service\B1_License.exe","True","False","SAP Business One License Manager (64-bit)","1632"
"b1s50000","SAP Business One Service Layer Load Balancer","Running","Auto","LocalSystem","""C:\Program Files\SAP\SAP Business One ServerTools\ServiceLayer\Apache\bin\httpd.exe"" -k runservice","C:\Program Files\SAP\SAP Business One ServerTools\ServiceLayer\Apache\bin\httpd.exe","True","False","Apache/2.4.56 (Win64) OpenSSL/1.1.1t","3356"
"b1s50001","SAP Business One Service Layer Node (50001)","Running","Auto","LocalSystem","""C:\Program Files\SAP\SAP Business One ServerTools\ServiceLayer\Apache\bin\httpd.exe"" -k runservice","C:\Program Files\SAP\SAP Business One ServerTools\ServiceLayer\Apache\bin\httpd.exe","True","False","Apache/2.4.56 (Win64)","3396"
"b1s50002","SAP Business One Service Layer Node (50002)","Running","Auto","LocalSystem","""C:\Program Files\SAP\SAP Business One ServerTools\ServiceLayer\Apache\bin\httpd.exe"" -k runservice","C:\Program Files\SAP\SAP Business One ServerTools\ServiceLayer\Apache\bin\httpd.exe","True","False","Apache/2.4.56 (Win64)","3640"
"b1s50003","SAP Business One Service Layer Node (50003)","Running","Auto","LocalSystem","""C:\Program Files\SAP\SAP Business One ServerTools\ServiceLayer\Apache\bin\httpd.exe"" -k runservice","C:\Program Files\SAP\SAP Business One ServerTools\ServiceLayer\Apache\bin\httpd.exe","True","False","Apache/2.4.56 (Win64)","3448"
"b1s50004","SAP Business One Service Layer Node (50004)","Running","Auto","LocalSystem","""C:\Program Files\SAP\SAP Business One ServerTools\ServiceLayer\Apache\bin\httpd.exe"" -k runservice","C:\Program Files\SAP\SAP Business One ServerTools\ServiceLayer\Apache\bin\httpd.exe","True","False","Apache/2.4.56 (Win64)","3520"
"b1s50005","SAP Business One Service Layer Node (50005)","Running","Auto","LocalSystem","""C:\Program Files\SAP\SAP Business One ServerTools\ServiceLayer\Apache\bin\httpd.exe"" -k runservice","C:\Program Files\SAP\SAP Business One ServerTools\ServiceLayer\Apache\bin\httpd.exe","True","False","Apache/2.4.56 (Win64)","3424"
"b1s50006","SAP Business One Service Layer Node (50006)","Running","Auto","LocalSystem","""C:\Program Files\SAP\SAP Business One ServerTools\ServiceLayer\Apache\bin\httpd.exe"" -k runservice","C:\Program Files\SAP\SAP Business One ServerTools\ServiceLayer\Apache\bin\httpd.exe","True","False","Apache/2.4.56 (Win64)","3768"
"b1s50007","SAP Business One Service Layer Node (50007)","Running","Auto","LocalSystem","""C:\Program Files\SAP\SAP Business One ServerTools\ServiceLayer\Apache\bin\httpd.exe"" -k runservice","C:\Program Files\SAP\SAP Business One ServerTools\ServiceLayer\Apache\bin\httpd.exe","True","False","Apache/2.4.56 (Win64)","3372"
"b1s50008","SAP Business One Service Layer Node (50008)","Running","Auto","LocalSystem","""C:\Program Files\SAP\SAP Business One ServerTools\ServiceLayer\Apache\bin\httpd.exe"" -k runservice","C:\Program Files\SAP\SAP Business One ServerTools\ServiceLayer\Apache\bin\httpd.exe","True","False","Apache/2.4.56 (Win64)","3384"
"b1s50009","SAP Business One Service Layer Node (50009)","Running","Auto","LocalSystem","""C:\Program Files\SAP\SAP Business One ServerTools\ServiceLayer\Apache\bin\httpd.exe"" -k runservice","C:\Program Files\SAP\SAP Business One ServerTools\ServiceLayer\Apache\bin\httpd.exe","True","False","Apache/2.4.56 (Win64)","3432"
"b1s50010","SAP Business One Service Layer Node (50010)","Running","Auto","LocalSystem","""C:\Program Files\SAP\SAP Business One ServerTools\ServiceLayer\Apache\bin\httpd.exe"" -k runservice","C:\Program Files\SAP\SAP Business One ServerTools\ServiceLayer\Apache\bin\httpd.exe","True","False","Apache/2.4.56 (Win64)","3416"
"B1ServerTools64","SAP Business One Server Tools Service (64-bit)","Running","Auto","LocalSystem","""c:\Program Files\SAP\SAP Business One SetupFiles\tomcat\bin\tomcat8.exe"" //RS//B1ServerTools64","c:\Program Files\SAP\SAP Business One SetupFiles\tomcat\bin\tomcat8.exe","True","False","SAP Business One Server Tools Service (64-bit)","3504"
"B1ServerToolsAuthentication","SAP Business One Server Tools Authentication Service","Running","Auto","LocalSystem","""C:\Program Files\SAP\SAP Business One SetupFiles\support\tools\nssm\nssm.exe""","C:\Program Files\SAP\SAP Business One SetupFiles\support\tools\nssm\nssm.exe","True","False","SAP Business One Server Tools Authentication Service","3512"
"BFE","Base Filtering Engine","Running","Auto","NT AUTHORITY\LocalService","C:\Windows\system32\svchost.exe -k LocalServiceNoNetworkFirewall -p","C:\Windows\system32\svchost.exe","True","False","The Base Filtering Engine (BFE) is a service that manages firewall and Internet Protocol security (IPsec) policies and implements user mode filtering. Stopping or disabling the BFE service will significantly reduce the security of the system. It will also result in unpredictable behavior in IPsec ma...","2452"
"BITS","Background Intelligent Transfer Service","Stopped","Manual","LocalSystem","C:\Windows\System32\svchost.exe -k netsvcs -p","C:\Windows\System32\svchost.exe","True","False","Transfers files in the background using idle network bandwidth. If the service is disabled, then any applications that depend on BITS, such as Windows Update or MSN Explorer, will be unable to automatically download programs and other information.","0"
"BrokerInfrastructure","Background Tasks Infrastructure Service","Running","Auto","LocalSystem","C:\Windows\system32\svchost.exe -k DcomLaunch -p","C:\Windows\system32\svchost.exe","True","False","Windows infrastructure service that controls which background tasks can run on the system.","844"
"Browser","Computer Browser","Running","Manual","LocalSystem","C:\Windows\System32\svchost.exe -k netsvcs -p","C:\Windows\System32\svchost.exe","True","False","Maintains an updated list of computers on the network and supplies this list to computers designated as browsers. If this service is stopped, this list will not be updated or maintained. If this service is disabled, any services that explicitly depend on it will fail to start.","5376"
"bthserv","Bluetooth Support Service","Stopped","Manual","NT AUTHORITY\LocalService","C:\Windows\system32\svchost.exe -k LocalService -p","C:\Windows\system32\svchost.exe","True","False","The Bluetooth service supports discovery and association of remote Bluetooth devices.  Stopping or disabling this service may cause already installed Bluetooth devices to fail to operate properly and prevent new devices from being discovered or associated.","0"
"camsvc","Capability Access Manager Service","Running","Manual","LocalSystem","C:\Windows\system32\svchost.exe -k appmodel -p","C:\Windows\system32\svchost.exe","True","False","Provides facilities for managing UWP apps access to app capabilities as well as checking an app's access to specific app capabilities","1532"
"CDPSvc","Connected Devices Platform Service","Running","Auto","NT AUTHORITY\LocalService","C:\Windows\system32\svchost.exe -k LocalService -p","C:\Windows\system32\svchost.exe","True","False","This service is used for Connected Devices Platform scenarios","8068"
"CertPropSvc","Certificate Propagation","Running","Manual","LocalSystem","C:\Windows\system32\svchost.exe -k netsvcs","C:\Windows\system32\svchost.exe","True","False","Copies user certificates and root certificates from smart cards into the current user's certificate store, detects when a smart card is inserted into a smart card reader, and, if needed, installs the smart card Plug and Play minidriver.","2340"
"CheckmkService","Checkmk Service","Running","Auto","LocalSystem","""C:\Program Files (x86)\checkmk\service\check_mk_agent.exe""","C:\Program Files (x86)\checkmk\service\check_mk_agent.exe","True","False","Checkmk monitoring agent service - 2.3, 64-bit","3528"
"ClipSVC","Client License Service (ClipSVC)","Stopped","Manual","LocalSystem","C:\Windows\System32\svchost.exe -k wsappx -p","C:\Windows\System32\svchost.exe","True","False","Provides infrastructure support for the Microsoft Store. This service is started on demand and if disabled applications bought using Windows Store will not behave correctly.","0"
"cloudResetPwdAgent","cloud reset password agent","Stopped","Auto","LocalSystem","C:\CloudResetPwdAgent\bin\wrapper.exe -s C:\CloudResetPwdAgent\conf\wrapper.conf","C:\CloudResetPwdAgent\bin\wrapper.exe","False","False","cloud reset password agent","0"
"cloudResetPwdUpdateAgent","cloud reset password update agent","Running","Auto","LocalSystem","C:\CloudResetPwdUpdateAgent\bin\wrapper.exe -s C:\CloudResetPwdUpdateAgent\conf\wrapper.conf","C:\CloudResetPwdUpdateAgent\bin\wrapper.exe","False","False","cloud reset password update agent","3776"
"COMSysApp","COM+ System Application","Stopped","Manual","LocalSystem","C:\Windows\system32\dllhost.exe /Processid:{02D4B3F1-FD88-11D1-960D-00805FC79235}","C:\Windows\system32\dllhost.exe","True","False","Manages the configuration and tracking of Component Object Model (COM)+-based components. If the service is stopped, most COM+-based components will not function properly. If this service is disabled, any services that explicitly depend on it will fail to start.","0"
"CoreMessagingRegistrar","CoreMessaging","Running","Auto","NT AUTHORITY\LocalService","C:\Windows\system32\svchost.exe -k LocalServiceNoNetwork -p","C:\Windows\system32\svchost.exe","True","False","Manages communication between system components.","1424"
"CryptSvc","Cryptographic Services","Running","Auto","NT Authority\NetworkService","C:\Windows\system32\svchost.exe -k NetworkService -p","C:\Windows\system32\svchost.exe","True","False","Provides three management services: Catalog Database Service, which confirms the signatures of Windows files and allows new programs to be installed; Protected Root Service, which adds and removes Trusted Root Certification Authority certificates from this computer; and Automatic Root Certificate Up...","3364"
"CscService","Offline Files","Stopped","Disabled","LocalSystem","C:\Windows\System32\svchost.exe -k LocalSystemNetworkRestricted -p","C:\Windows\System32\svchost.exe","True","False","The Offline Files service performs maintenance activities on the Offline Files cache, responds to user logon and logoff events, implements the internals of the public API, and dispatches interesting events to those interested in Offline Files activities and changes in cache state.","0"
"DcomLaunch","DCOM Server Process Launcher","Running","Auto","LocalSystem","C:\Windows\system32\svchost.exe -k DcomLaunch -p","C:\Windows\system32\svchost.exe","True","False","The DCOMLAUNCH service launches COM and DCOM servers in response to object activation requests. If this service is stopped or disabled, programs using COM or DCOM will not function properly. It is strongly recommended that you have the DCOMLAUNCH service running.","844"
"dcsvc","Declared Configuration(DC) service","Stopped","Manual","LocalSystem","C:\Windows\system32\svchost.exe -k netsvcs -p","C:\Windows\system32\svchost.exe","True","False","Process Declared Configuration documents recevied from MDM and other channels and perform configurations on device","0"
"defragsvc","Optimize drives","Stopped","Manual","localSystem","C:\Windows\system32\svchost.exe -k defragsvc","C:\Windows\system32\svchost.exe","True","False","Helps the computer run more efficiently by optimizing files on storage drives.","0"
"DeviceAssociationService","Device Association Service","Stopped","Manual","LocalSystem","C:\Windows\system32\svchost.exe -k LocalSystemNetworkRestricted -p","C:\Windows\system32\svchost.exe","True","False","Enables pairing between the system and wired or wireless devices.","0"
"DeviceInstall","Device Install Service","Stopped","Manual","LocalSystem","C:\Windows\system32\svchost.exe -k DcomLaunch -p","C:\Windows\system32\svchost.exe","True","False","Enables a computer to recognize and adapt to hardware changes with little or no user input. Stopping or disabling this service will result in system instability.","0"
"DevQueryBroker","DevQuery Background Discovery Broker","Stopped","Manual","LocalSystem","C:\Windows\system32\svchost.exe -k LocalSystemNetworkRestricted -p","C:\Windows\system32\svchost.exe","True","False","Enables apps to discover devices with a backgroud task","0"
"Dhcp","DHCP Client","Running","Auto","NT Authority\LocalService","C:\Windows\system32\svchost.exe -k LocalServiceNetworkRestricted -p","C:\Windows\system32\svchost.exe","True","False","Registers and updates IP addresses and DNS records for this computer. If this service is stopped, this computer will not receive dynamic IP addresses and DNS updates. If this service is disabled, any services that explicitly depend on it will fail to start.","1760"
"diagnosticshub.standardcollector.service","Microsoft (R) Diagnostics Hub Standard Collector Service","Stopped","Manual","LocalSystem","C:\Windows\system32\DiagSvcs\DiagnosticsHub.StandardCollector.Service.exe","C:\Windows\system32\DiagSvcs\DiagnosticsHub.StandardCollector.Service.exe","True","False","Diagnostics Hub Standard Collector Service. When running, this service collects real time ETW events and processes them.","0"
"DiagTrack","Connected User Experiences and Telemetry","Running","Auto","LocalSystem","C:\Windows\System32\svchost.exe -k utcsvc -p","C:\Windows\System32\svchost.exe","True","False","The Connected User Experiences and Telemetry service enables features that support in-application and connected user experiences. Additionally, this service manages the event driven collection and transmission of diagnostic and usage information (used to improve the experience and quality of the Win...","3480"
"DispBrokerDesktopSvc","Display Policy Service","Running","Auto","NT AUTHORITY\LocalService","C:\Windows\system32\svchost.exe -k LocalService -p","C:\Windows\system32\svchost.exe","True","False","Manages the connection and configuration of local and remote displays","1824"
"DmEnrollmentSvc","Device Management Enrollment Service","Stopped","Manual","LocalSystem","C:\Windows\system32\svchost.exe -k netsvcs -p","C:\Windows\system32\svchost.exe","True","False","Performs Device Enrollment Activities for Device Management","0"
"dmwappushservice","Device Management Wireless Application Protocol (WAP) Push message Routing Service","Stopped","Disabled","LocalSystem","C:\Windows\system32\svchost.exe -k netsvcs -p","C:\Windows\system32\svchost.exe","True","False","Routes Wireless Application Protocol (WAP) Push messages received by the device and synchronizes Device Management sessions","0"
"Dnscache","DNS Client","Running","Auto","NT AUTHORITY\NetworkService","C:\Windows\system32\svchost.exe -k NetworkService -p","C:\Windows\system32\svchost.exe","True","False","The DNS Client service (dnscache) caches Domain Name System (DNS) names and registers the full computer name for this computer. If the service is stopped, DNS names will continue to be resolved. However, the results of DNS name queries will not be cached and the computer's name will not be registere...","680"
"DoSvc","Delivery Optimization","Stopped","Manual","NT Authority\NetworkService","C:\Windows\System32\svchost.exe -k NetworkService -p","C:\Windows\System32\svchost.exe","True","False","Performs content delivery optimization tasks","0"
"dot3svc","Wired AutoConfig","Stopped","Manual","localSystem","C:\Windows\system32\svchost.exe -k LocalSystemNetworkRestricted -p","C:\Windows\system32\svchost.exe","True","False","The Wired AutoConfig (DOT3SVC) service is responsible for performing IEEE 802.1X authentication on Ethernet interfaces. If your current wired network deployment enforces 802.1X authentication, the DOT3SVC service should be configured to run for establishing Layer 2 connectivity and/or providing acce...","0"
"DPS","Diagnostic Policy Service","Running","Auto","NT AUTHORITY\LocalService","C:\Windows\System32\svchost.exe -k LocalServiceNoNetwork -p","C:\Windows\System32\svchost.exe","True","False","The Diagnostic Policy Service enables problem detection, troubleshooting and resolution for Windows components.  If this service is stopped, diagnostics will no longer function.","8960"
"DsmSvc","Device Setup Manager","Stopped","Manual","LocalSystem","C:\Windows\system32\svchost.exe -k netsvcs -p","C:\Windows\system32\svchost.exe","True","False","Enables the detection, download and installation of device-related software. If this service is disabled, devices may be configured with outdated software, and may not work correctly.","0"
"DsSvc","Data Sharing Service","Running","Manual","LocalSystem","C:\Windows\System32\svchost.exe -k LocalSystemNetworkRestricted -p","C:\Windows\System32\svchost.exe","True","False","Provides data brokering between applications.","16284"
"EapHost","Extensible Authentication Protocol","Stopped","Manual","localSystem","C:\Windows\System32\svchost.exe -k netsvcs -p","C:\Windows\System32\svchost.exe","True","False","The Extensible Authentication Protocol (EAP) service provides network authentication in such scenarios as 802.1x wired and wireless, VPN, and Network Access Protection (NAP).  EAP also provides application programming interfaces (APIs) that are used by network access clients, including wireless and ...","0"
"edgeupdate","Microsoft Edge Update Service (edgeupdate)","Stopped","Auto","LocalSystem","""C:\Program Files (x86)\Microsoft\EdgeUpdate\MicrosoftEdgeUpdate.exe"" /svc","C:\Program Files (x86)\Microsoft\EdgeUpdate\MicrosoftEdgeUpdate.exe","True","False","Keeps your Microsoft software up to date. If this service is disabled or stopped, your Microsoft software will not be kept up to date, meaning security vulnerabilities that may arise cannot be fixed and features may not work. This service uninstalls itself when there is no Microsoft software using i...","0"
"edgeupdatem","Microsoft Edge Update Service (edgeupdatem)","Stopped","Manual","LocalSystem","""C:\Program Files (x86)\Microsoft\EdgeUpdate\MicrosoftEdgeUpdate.exe"" /medsvc","C:\Program Files (x86)\Microsoft\EdgeUpdate\MicrosoftEdgeUpdate.exe","True","False","Keeps your Microsoft software up to date. If this service is disabled or stopped, your Microsoft software will not be kept up to date, meaning security vulnerabilities that may arise cannot be fixed and features may not work. This service uninstalls itself when there is no Microsoft software using i...","0"
"EFS","Encrypting File System (EFS)","Stopped","Manual","LocalSystem","C:\Windows\System32\lsass.exe","C:\Windows\System32\lsass.exe","True","False","Provides the core file encryption technology used to store encrypted files on NTFS file system volumes. If this service is stopped or disabled, applications will be unable to access encrypted files.","0"
"embeddedmode","Embedded Mode","Stopped","Manual","LocalSystem","C:\Windows\System32\svchost.exe -k LocalSystemNetworkRestricted -p","C:\Windows\System32\svchost.exe","True","False","The Embedded Mode service enables scenarios related to Background Applications.  Disabling this service will prevent Background Applications from being activated.","0"
"EntAppSvc","Enterprise App Management Service","Stopped","Manual","LocalSystem","C:\Windows\system32\svchost.exe -k appmodel -p","C:\Windows\system32\svchost.exe","True","False","Enables enterprise application management.","0"
"EventLog","Windows Event Log","Running","Auto","NT AUTHORITY\LocalService","C:\Windows\System32\svchost.exe -k LocalServiceNetworkRestricted -p","C:\Windows\System32\svchost.exe","True","False","This service manages events and event logs. It supports logging events, querying events, subscribing to events, archiving event logs, and managing event metadata. It can display events in both XML and plain text format. Stopping this service may compromise security and reliability of the system.","1600"
"EventSystem","COM+ Event System","Running","Auto","NT AUTHORITY\LocalService","C:\Windows\system32\svchost.exe -k LocalService -p","C:\Windows\system32\svchost.exe","True","False","Supports System Event Notification Service (SENS), which provides automatic distribution of events to subscribing Component Object Model (COM) components. If the service is stopped, SENS will close and will not be able to provide logon and logoff notifications. If this service is disabled, any servi...","1872"
"fdPHost","Function Discovery Provider Host","Running","Manual","NT AUTHORITY\LocalService","C:\Windows\system32\svchost.exe -k LocalService -p","C:\Windows\system32\svchost.exe","True","False","The FDPHOST service hosts the Function Discovery (FD) network discovery providers. These FD providers supply network discovery services for the Simple Services Discovery Protocol (SSDP) and Web Services – Discovery (WS-D) protocol. Stopping or disabling the FDPHOST service will disable network disco...","3032"
"FDResPub","Function Discovery Resource Publication","Running","Manual","NT AUTHORITY\LocalService","C:\Windows\system32\svchost.exe -k LocalServiceAndNoImpersonation -p","C:\Windows\system32\svchost.exe","True","False","Publishes this computer and resources attached to this computer so they can be discovered over the network.  If this service is stopped, network resources will no longer be published and they will not be discovered by other computers on the network.","4116"
"FileSyncHelper","FileSyncHelper","Stopped","Manual","LocalSystem","""C:\Program Files\Microsoft OneDrive\26.134.0713.0004\FileSyncHelper.exe""","C:\Program Files\Microsoft OneDrive\26.134.0713.0004\FileSyncHelper.exe","True","False","Helper service for OneDrive","0"
"FontCache","Windows Font Cache Service","Running","Auto","NT AUTHORITY\LocalService","C:\Windows\system32\svchost.exe -k LocalService -p","C:\Windows\system32\svchost.exe","True","False","Optimizes performance of applications by caching commonly used font data. Applications will start this service if it is not already running. It can be disabled, though doing so will degrade application performance.","1700"
"FontCache3.0.0.0","Windows Presentation Foundation Font Cache 3.0.0.0","Stopped","Manual","NT Authority\LocalService","C:\Windows\Microsoft.Net\Framework64\v3.0\WPF\PresentationFontCache.exe","C:\Windows\Microsoft.Net\Framework64\v3.0\WPF\PresentationFontCache.exe","True","False","Optimizes performance of Windows Presentation Foundation (WPF) applications by caching commonly used font data. WPF applications will start this service if it is not already running. It can be disabled, though doing so will degrade the performance of WPF applications.","0"
"FrameServer","Windows Camera Frame Server","Stopped","Manual","NT AUTHORITY\LocalService","C:\Windows\System32\svchost.exe -k Camera","C:\Windows\System32\svchost.exe","True","False","Enables multiple clients to access video frames from camera devices.","0"
"FrameServerMonitor","Windows Camera Frame Server Monitor","Stopped","Manual","LocalSystem","C:\Windows\System32\svchost.exe -k CameraMonitor","C:\Windows\System32\svchost.exe","True","False","Monitors the health and state for the Windows Camera Frame Server service.","0"
"ftpsvc","Microsoft FTP Service","Running","Auto","localSystem","C:\Windows\system32\svchost.exe -k ftpsvc","C:\Windows\system32\svchost.exe","True","False","Enables this server to be a File Transfer Protocol (FTP) server. If this service is stopped, the server cannot function as an FTP server. If this service is disabled, any services that explicitly depend on it will fail to start.","3456"
"Gatekeeper64","SAP Business One Browser Access Server Gatekeeper (64-bit)","Running","Auto","LocalSystem","""C:\Program Files\SAP\SAP Business One BAS GateKeeper\tomcat\bin\tomcat8.exe"" //RS//Gatekeeper64","C:\Program Files\SAP\SAP Business One BAS GateKeeper\tomcat\bin\tomcat8.exe","True","False","SAP Business One Browser Access Server Gatekeeper (64-bit)","31564"
"gpsvc","Group Policy Client","Running","Auto","LocalSystem","C:\Windows\system32\svchost.exe -k netsvcs -p","C:\Windows\system32\svchost.exe","True","False","The service is responsible for applying settings configured by administrators for the computer and users through the Group Policy component. If the service is disabled, the settings will not be applied and applications and components will not be manageable through Group Policy. Any components or app...","1844"
"GraphicsPerfSvc","GraphicsPerfSvc","Stopped","Disabled","LocalSystem","C:\Windows\System32\svchost.exe -k GraphicsPerfSvcGroup","C:\Windows\System32\svchost.exe","True","False","Graphics performance monitor service","0"
"hidserv","Human Interface Device Service","Stopped","Manual","LocalSystem","C:\Windows\system32\svchost.exe -k LocalSystemNetworkRestricted -p","C:\Windows\system32\svchost.exe","True","False","Activates and maintains the use of hot buttons on keyboards, remote controls, and other multimedia devices. It is recommended that you keep this service running.","0"
"HvHost","HV Host Service","Stopped","Manual","LocalSystem","C:\Windows\system32\svchost.exe -k LocalSystemNetworkRestricted -p","C:\Windows\system32\svchost.exe","True","False","Provides an interface for the Hyper-V hypervisor to provide per-partition performance counters to the host operating system.","0"
"IISADMIN","IIS Admin Service","Running","Auto","localSystem","C:\Windows\system32\inetsrv\inetinfo.exe","C:\Windows\system32\inetsrv\inetinfo.exe","True","False","Enables this server to administer the IIS metabase. The IIS metabase stores configuration for the SMTP and FTP services. If this service is stopped, the server will be unable to configure SMTP or FTP. If this service is disabled, any services that explicitly depend on it will fail to start.","3464"
"IKEEXT","IKE and AuthIP IPsec Keying Modules","Running","Auto","LocalSystem","C:\Windows\system32\svchost.exe -k netsvcs -p","C:\Windows\system32\svchost.exe","True","False","The IKEEXT service hosts the Internet Key Exchange (IKE) and Authenticated Internet Protocol (AuthIP) keying modules. These keying modules are used for authentication and key exchange in Internet Protocol security (IPsec). Stopping or disabling the IKEEXT service will disable IKE and AuthIP key exch...","3016"
"InstallService","Microsoft Store Install Service","Running","Manual","LocalSystem","C:\Windows\System32\svchost.exe -k netsvcs -p","C:\Windows\System32\svchost.exe","True","False","Provides infrastructure support for the Microsoft Store.  This service is started on demand and if disabled then installations will not function properly.","16992"
"iphlpsvc","IP Helper","Running","Auto","LocalSystem","C:\Windows\System32\svchost.exe -k NetSvcs -p","C:\Windows\System32\svchost.exe","True","False","Provides tunnel connectivity using IPv6 transition technologies (6to4, ISATAP, Port Proxy, and Teredo), and IP-HTTPS. If this service is stopped, the computer will not have the enhanced connectivity benefits that these technologies offer.","3440"
"KeyIso","CNG Key Isolation","Running","Manual","LocalSystem","C:\Windows\system32\lsass.exe","C:\Windows\system32\lsass.exe","True","False","The CNG key isolation service is hosted in the LSA process. The service provides key process isolation to private keys and associated cryptographic operations as required by the Common Criteria. The service stores and uses long-lived keys in a secure process complying with Common Criteria requiremen...","716"
"KPSSVC","KDC Proxy Server service (KPS)","Stopped","Manual","NT AUTHORITY\NetworkService","C:\Windows\system32\svchost.exe -k KpsSvcGroup","C:\Windows\system32\svchost.exe","True","False","KDC Proxy Server service runs on edge servers to proxy Kerberos protocol messages to domain controllers on the corporate network.","0"
"KtmRm","KtmRm for Distributed Transaction Coordinator","Stopped","Manual","NT AUTHORITY\NetworkService","C:\Windows\System32\svchost.exe -k NetworkServiceAndNoImpersonation -p","C:\Windows\System32\svchost.exe","True","False","Coordinates transactions between the Distributed Transaction Coordinator (MSDTC) and the Kernel Transaction Manager (KTM). If it is not needed, it is recommended that this service remain stopped. If it is needed, both MSDTC and KTM will start this service automatically. If this service is disabled, ...","0"
"LanmanServer","Server","Running","Auto","LocalSystem","C:\Windows\System32\svchost.exe -k smbsvcs","C:\Windows\System32\svchost.exe","True","False","Supports file, print, and named-pipe sharing over the network for this computer. If this service is stopped, these functions will be unavailable. If this service is disabled, any services that explicitly depend on it will fail to start.","3088"
"LanmanWorkstation","Workstation","Running","Auto","NT AUTHORITY\NetworkService","C:\Windows\System32\svchost.exe -k NetworkService -p","C:\Windows\System32\svchost.exe","True","False","Creates and maintains client network connections to remote servers using the SMB protocol. If this service is stopped, these connections will be unavailable. If this service is disabled, any services that explicitly depend on it will fail to start.","2644"
"lfsvc","Geolocation Service","Stopped","Disabled","LocalSystem","C:\Windows\system32\svchost.exe -k netsvcs -p","C:\Windows\system32\svchost.exe","True","False","This service monitors the current location of the system and manages geofences (a geographical location with associated events).  If you turn off this service, applications will be unable to use or receive notifications for geolocation or geofences.","0"
"LicenseManager","Windows License Manager Service","Running","Manual","NT Authority\LocalService","C:\Windows\System32\svchost.exe -k LocalService -p","C:\Windows\System32\svchost.exe","True","False","Provides infrastructure support for the Microsoft Store.  This service is started on demand and if disabled then content acquired through the Microsoft Store will not function properly.","14484"
"lltdsvc","Link-Layer Topology Discovery Mapper","Stopped","Disabled","NT AUTHORITY\LocalService","C:\Windows\System32\svchost.exe -k LocalService -p","C:\Windows\System32\svchost.exe","True","False","Creates a Network Map, consisting of PC and device topology (connectivity) information, and metadata describing each PC and device.  If this service is disabled, the Network Map will not function properly.","0"
"lmhosts","TCP/IP NetBIOS Helper","Running","Manual","NT AUTHORITY\LocalService","C:\Windows\System32\svchost.exe -k LocalServiceNetworkRestricted -p","C:\Windows\System32\svchost.exe","True","False","Provides support for the NetBIOS over TCP/IP (NetBT) service and NetBIOS name resolution for clients on the network, therefore enabling users to share files, print, and log on to the network. If this service is stopped, these functions might be unavailable. If this service is disabled, any services ...","1412"
"LSM","LSM","Running","Unknown","","","","False","False","","1168"
"MapsBroker","Downloaded Maps Manager","Stopped","Disabled","NT AUTHORITY\NetworkService","C:\Windows\System32\svchost.exe -k NetworkService -p","C:\Windows\System32\svchost.exe","True","False","Windows service for application access to downloaded maps. This service is started on-demand by application accessing downloaded maps. Disabling this service will prevent apps from accessing maps.","0"
"McpManagementService","McpManagementService","Stopped","Manual","LocalSystem","C:\Windows\system32\svchost.exe -k McpManagementServiceGroup","C:\Windows\system32\svchost.exe","True","False","Universal Print Management Service","0"
"MDCoreSvc","Microsoft Defender Core Service","Running","Auto","LocalSystem","""C:\ProgramData\Microsoft\Windows Defender\Platform\4.18.26070.9-0\MpDefenderCoreService.exe""","C:\ProgramData\Microsoft\Windows Defender\Platform\4.18.26070.9-0\MpDefenderCoreService.exe","False","False","Monitors the availability, health, and performance of various security components","28728"
"MicrosoftEdgeElevationService","Microsoft Edge Elevation Service (MicrosoftEdgeElevationService)","Running","Manual","LocalSystem","""C:\Program Files (x86)\Microsoft\Edge\Application\151.0.4129.78\elevation_service.exe""","C:\Program Files (x86)\Microsoft\Edge\Application\151.0.4129.78\elevation_service.exe","True","False","Provides elevated privileges for Microsoft Edge.","53604"
"mpssvc","Windows Defender Firewall","Running","Auto","NT Authority\LocalService","C:\Windows\system32\svchost.exe -k LocalServiceNoNetworkFirewall -p","C:\Windows\system32\svchost.exe","True","False","Windows Defender Firewall helps protect your computer by preventing unauthorized users from gaining access to your computer through the Internet or a network.","2452"
"MSDTC","Distributed Transaction Coordinator","Running","Auto","NT AUTHORITY\NetworkService","C:\Windows\System32\msdtc.exe","C:\Windows\System32\msdtc.exe","True","False","Coordinates transactions that span multiple resource managers, such as databases, message queues, and file systems. If this service is stopped, these transactions will fail. If this service is disabled, any services that explicitly depend on it will fail to start.","9600"
"MSiSCSI","Microsoft iSCSI Initiator Service","Stopped","Manual","LocalSystem","C:\Windows\system32\svchost.exe -k netsvcs -p","C:\Windows\system32\svchost.exe","True","False","Manages Internet SCSI (iSCSI) sessions from this computer to remote iSCSI target devices. If this service is stopped, this computer will not be able to login or access iSCSI targets. If this service is disabled, any services that explicitly depend on it will fail to start.","0"
"msiserver","Windows Installer","Stopped","Manual","LocalSystem","C:\Windows\system32\msiexec.exe /V","C:\Windows\system32\msiexec.exe","True","False","Adds, modifies, and removes applications provided as a Windows Installer (*.msi, *.msp) package. If this service is disabled, any services that explicitly depend on it will fail to start.","0"
"MSMQ","Message Queuing","Running","Auto","NT Authority\NetworkService","C:\Windows\system32\mqsvc.exe","C:\Windows\system32\mqsvc.exe","True","False","Provides a messaging infrastructure and development tool for creating distributed messaging applications for Windows-based networks and programs. If this service is stopped, distributed messages will be unavailable. If this service is disabled, any services that explicitly depend on it will fail to ...","3832"
"MSSQLSERVER","SQL Server (MSSQLSERVER)","Running","Auto","NT Service\MSSQLSERVER","""C:\Program Files\Microsoft SQL Server\MSSQL15.MSSQLSERVER\MSSQL\Binn\sqlservr.exe"" -sMSSQLSERVER","C:\Program Files\Microsoft SQL Server\MSSQL15.MSSQLSERVER\MSSQL\Binn\sqlservr.exe","True","False","Provides storage, processing and controlled access of data, and rapid transaction processing.","5608"
"NcaSvc","Network Connectivity Assistant","Stopped","Manual","LocalSystem","C:\Windows\System32\svchost.exe -k NetSvcs -p","C:\Windows\System32\svchost.exe","True","False","Provides DirectAccess status notification for UI components","0"
"NcbService","Network Connection Broker","Running","Manual","LocalSystem","C:\Windows\System32\svchost.exe -k LocalSystemNetworkRestricted -p","C:\Windows\System32\svchost.exe","True","False","Brokers connections that allow Windows Store Apps to receive notifications from the internet.","1492"
"Netlogon","Netlogon","Stopped","Manual","LocalSystem","C:\Windows\system32\lsass.exe","C:\Windows\system32\lsass.exe","True","False","Maintains a secure channel between this computer and the domain controller for authenticating users and services. If this service is stopped, the computer may not authenticate users and services and the domain controller cannot register DNS records. If this service is disabled, any services that exp...","0"
"Netman","Network Connections","Stopped","Manual","LocalSystem","C:\Windows\System32\svchost.exe -k LocalSystemNetworkRestricted -p","C:\Windows\System32\svchost.exe","True","False","Manages objects in the Network and Dial-Up Connections folder, in which you can view both local area network and remote connections.","0"
"netprofm","Network List Service","Running","Manual","NT AUTHORITY\LocalService","C:\Windows\System32\svchost.exe -k LocalService -p","C:\Windows\System32\svchost.exe","True","False","Identifies the networks to which the computer has connected, collects and stores properties for these networks, and notifies applications when these properties change.","2388"
"NetSetupSvc","NetSetupSvc","Stopped","Unknown","","","","False","False","","0"
"NetTcpPortSharing","Net.Tcp Port Sharing Service","Stopped","Disabled","NT AUTHORITY\LocalService","C:\Windows\Microsoft.NET\Framework64\v4.0.30319\SMSvcHost.exe","C:\Windows\Microsoft.NET\Framework64\v4.0.30319\SMSvcHost.exe","True","False","Provides ability to share TCP ports over the net.tcp protocol.","0"
"NfsClnt","Client for NFS","Running","Auto","NT AUTHORITY\NetworkService","C:\Windows\system32\nfsclnt.exe","C:\Windows\system32\nfsclnt.exe","True","False","Enables this computer to access files on NFS shares","4612"
"NgcCtnrSvc","Microsoft Passport Container","Stopped","Manual","NT AUTHORITY\LocalService","C:\Windows\system32\svchost.exe -k LocalServiceNetworkRestricted -p","C:\Windows\system32\svchost.exe","True","False","Manages local user identity keys used to authenticate user to identity providers as well as TPM virtual smart cards. If this service is disabled, local user identity keys and TPM virtual smart cards will not be accessible. It is recommended that you do not reconfigure this service.","0"
"NgcSvc","Microsoft Passport","Stopped","Manual","LocalSystem","C:\Windows\system32\svchost.exe -k LocalSystemNetworkRestricted -p","C:\Windows\system32\svchost.exe","True","False","Provides process isolation for cryptographic keys used to authenticate to a user’s associated identity providers. If this service is disabled, all uses and management of these keys will not be available, which includes machine logon and single-sign on for apps and websites. This service starts and s...","0"
"NlaSvc","Network Location Awareness","Running","Auto","NT AUTHORITY\NetworkService","C:\Windows\System32\svchost.exe -k NetworkService -p","C:\Windows\System32\svchost.exe","True","False","Collects and stores configuration information for the network and notifies programs when this information is modified. If this service is stopped, configuration information might be unavailable. If this service is disabled, any services that explicitly depend on it will fail to start.","2044"
"nsi","Network Store Interface Service","Running","Auto","NT Authority\LocalService","C:\Windows\system32\svchost.exe -k LocalService -p","C:\Windows\system32\svchost.exe","True","False","This service delivers network notifications (e.g. interface addition/deleting etc) to user mode clients. Stopping this service will cause loss of network connectivity. If this service is disabled, any other services that explicitly depend on this service will fail to start.","1716"
"OneDrive Updater Service","OneDrive Updater Service","Stopped","Manual","LocalSystem","""C:\Program Files\Microsoft OneDrive\26.134.0713.0004\OneDriveUpdaterService.exe""","C:\Program Files\Microsoft OneDrive\26.134.0713.0004\OneDriveUpdaterService.exe","True","False","Keeps your OneDrive up to date.","0"
"ose64","Office 64 Source Engine","Stopped","Manual","LocalSystem","""C:\Program Files\Common Files\Microsoft Shared\Source Engine\OSE.EXE""","C:\Program Files\Common Files\Microsoft Shared\Source Engine\OSE.EXE","True","False","Saves installation files used for updates and repairs and is required for the downloading of Setup updates and Watson error reports.","0"
"PcaSvc","Program Compatibility Assistant Service","Running","Auto","LocalSystem","C:\Windows\system32\svchost.exe -k LocalSystemNetworkRestricted -p","C:\Windows\system32\svchost.exe","True","False","This service provides support for the Program Compatibility Assistant (PCA).  PCA monitors programs installed and run by the user and detects known compatibility problems. If this service is stopped, PCA will not function properly.","11608"
"PerfHost","Performance Counter DLL Host","Stopped","Manual","NT AUTHORITY\LocalService","C:\Windows\SysWow64\perfhost.exe","C:\Windows\SysWow64\perfhost.exe","True","False","Enables remote users and 64-bit processes to query performance counters provided by 32-bit DLLs. If this service is stopped, only local users and 32-bit processes will be able to query performance counters provided by 32-bit DLLs.","0"
"pla","Performance Logs & Alerts","Stopped","Manual","NT AUTHORITY\LocalService","C:\Windows\System32\svchost.exe -k LocalServiceNoNetwork -p","C:\Windows\System32\svchost.exe","True","False","Performance Logs and Alerts Collects performance data from local or remote computers based on preconfigured schedule parameters, then writes the data to a log or triggers an alert. If this service is stopped, performance information will not be collected. If this service is disabled, any services th...","0"
"PlugPlay","Plug and Play","Running","Manual","LocalSystem","C:\Windows\system32\svchost.exe -k DcomLaunch -p","C:\Windows\system32\svchost.exe","True","False","Enables a computer to recognize and adapt to hardware changes with little or no user input. Stopping or disabling this service will result in system instability.","844"
"PolicyAgent","IPsec Policy Agent","Running","Manual","NT Authority\NetworkService","C:\Windows\system32\svchost.exe -k NetworkServiceNetworkRestricted -p","C:\Windows\system32\svchost.exe","True","False","Internet Protocol security (IPsec) supports network-level peer authentication, data origin authentication, data integrity, data confidentiality (encryption), and replay protection.  This service enforces IPsec policies created through the IP Security Policies snap-in or the command-line tool ""netsh ...","3024"
"Power","Power","Running","Auto","LocalSystem","C:\Windows\system32\svchost.exe -k DcomLaunch -p","C:\Windows\system32\svchost.exe","True","False","Manages power policy and power policy notification delivery.","844"
"PrintNotify","Printer Extensions and Notifications","Stopped","Manual","LocalSystem","C:\Windows\system32\svchost.exe -k print","C:\Windows\system32\svchost.exe","True","False","This service opens custom printer dialog boxes and handles notifications from a remote print server or a printer. If you turn off this service, you won’t be able to see printer extensions or notifications.","0"
"ProfSvc","User Profile Service","Running","Auto","LocalSystem","C:\Windows\system32\svchost.exe -k netsvcs -p","C:\Windows\system32\svchost.exe","True","False","This service is responsible for loading and unloading user profiles. If this service is stopped or disabled, users will no longer be able to successfully sign in or sign out, apps might have problems getting to users' data, and components registered to receive profile event notifications won't recei...","1852"
"PushToInstall","Windows PushToInstall Service","Stopped","Disabled","LocalSystem","C:\Windows\System32\svchost.exe -k netsvcs -p","C:\Windows\System32\svchost.exe","True","False","Provides infrastructure support for the Microsoft Store.  This service is started automatically and if disabled then remote installations will not function properly.","0"
"QWAVE","Quality Windows Audio Video Experience","Running","Manual","NT AUTHORITY\LocalService","C:\Windows\system32\svchost.exe -k LocalServiceAndNoImpersonation -p","C:\Windows\system32\svchost.exe","True","False","Quality Windows Audio Video Experience (qWave) is a networking platform for Audio Video (AV) streaming applications on IP home networks. qWave enhances AV streaming performance and reliability by ensuring network quality-of-service (QoS) for AV applications. It provides mechanisms for admission cont...","58288"
"RasAuto","Remote Access Auto Connection Manager","Stopped","Manual","localSystem","C:\Windows\System32\svchost.exe -k netsvcs -p","C:\Windows\System32\svchost.exe","True","False","Creates a connection to a remote network whenever a program references a remote DNS or NetBIOS name or address.","0"
"RasMan","Remote Access Connection Manager","Running","Auto","localSystem","C:\Windows\System32\svchost.exe -k netsvcs","C:\Windows\System32\svchost.exe","True","False","Manages dial-up and virtual private network (VPN) connections from this computer to the Internet or other remote networks. If this service is disabled, any services that explicitly depend on it will fail to start.","5056"
"RemoteAccess","Routing and Remote Access","Stopped","Disabled","localSystem","C:\Windows\System32\svchost.exe -k netsvcs","C:\Windows\System32\svchost.exe","True","False","Offers routing services to businesses in local area and wide area network environments.","0"
"RemoteRegistry","Remote Registry","Stopped","Auto","NT AUTHORITY\LocalService","C:\Windows\system32\svchost.exe -k localService -p","C:\Windows\system32\svchost.exe","True","False","Enables remote users to modify registry settings on this computer. If this service is stopped, the registry can be modified only by users on this computer. If this service is disabled, any services that explicitly depend on it will fail to start.","0"
"RmSvc","Radio Management Service","Stopped","Disabled","NT AUTHORITY\LocalService","C:\Windows\System32\svchost.exe -k LocalServiceNetworkRestricted","C:\Windows\System32\svchost.exe","True","False","Radio Management and Airplane Mode Service","0"
"RpcEptMapper","RPC Endpoint Mapper","Running","Auto","NT AUTHORITY\NetworkService","C:\Windows\system32\svchost.exe -k RPCSS -p","C:\Windows\system32\svchost.exe","True","False","Resolves RPC interfaces identifiers to transport endpoints. If this service is stopped or disabled, programs using Remote Procedure Call (RPC) services will not function properly.","1108"
"RpcLocator","Remote Procedure Call (RPC) Locator","Stopped","Manual","NT AUTHORITY\NetworkService","C:\Windows\system32\locator.exe","C:\Windows\system32\locator.exe","True","False","In Windows 2003 and earlier versions of Windows, the Remote Procedure Call (RPC) Locator service manages the RPC name service database. In Windows Vista and later versions of Windows, this service does not provide any functionality and is present for application compatibility.","0"
"RpcSs","Remote Procedure Call (RPC)","Running","Auto","NT AUTHORITY\NetworkService","C:\Windows\system32\svchost.exe -k rpcss -p","C:\Windows\system32\svchost.exe","True","False","The RPCSS service is the Service Control Manager for COM and DCOM servers. It performs object activations requests, object exporter resolutions and distributed garbage collection for COM and DCOM servers. If this service is stopped or disabled, programs using COM or DCOM will not function properly. ...","1108"
"RSoPProv","Resultant Set of Policy Provider","Stopped","Manual","LocalSystem","C:\Windows\system32\RSoPProv.exe","C:\Windows\system32\RSoPProv.exe","True","False","Provides a network service that processes requests to simulate application of Group Policy settings for a target user or computer in various situations and computes the Resultant Set of Policy settings.","0"
"sacsvr","Special Administration Console Helper","Stopped","Manual","LocalSystem","C:\Windows\System32\svchost.exe -k netsvcs -p","C:\Windows\System32\svchost.exe","True","False","Allows administrators to remotely access a command prompt using Emergency Management Services.","0"
"SamSs","Security Accounts Manager","Running","Auto","LocalSystem","C:\Windows\system32\lsass.exe","C:\Windows\system32\lsass.exe","True","False","The startup of this service signals other services that the Security Accounts Manager (SAM) is ready to accept requests.  Disabling this service will prevent other services in the system from being notified when the SAM is ready, which may in turn cause those services to fail to start correctly. Thi...","716"
"SBOClientAgent","SAP Business One Client Agent","Running","Auto","LocalSystem","""C:\Program Files (x86)\SAP\SAP Business One Client Agent\B1ClientAgent.exe""","C:\Program Files (x86)\SAP\SAP Business One Client Agent\B1ClientAgent.exe","True","False","","3608"
"SBODI_Server","SAP Business One DI Server","Stopped","Manual","LocalSystem","""C:\Program Files\SAP\SAP Business One ServerTools\DI_Server\B1_DIServer.exe""","C:\Program Files\SAP\SAP Business One ServerTools\DI_Server\B1_DIServer.exe","True","False","","0"
"SBOMail","SAP Business One Messaging Service","Running","Auto","LocalSystem","""c:\Program Files\SAP\SAP Business One ServerTools\Mailer\B1_Mailer.exe""","c:\Program Files\SAP\SAP Business One ServerTools\Mailer\B1_Mailer.exe","True","False","SAP Business One Messaging Service","3656"
"SCardSvr","Smart Card","Stopped","Manual","NT AUTHORITY\LocalService","C:\Windows\system32\svchost.exe -k LocalServiceAndNoImpersonation","C:\Windows\system32\svchost.exe","True","False","Manages access to smart cards read by this computer. If this service is stopped, this computer will be unable to read smart cards. If this service is disabled, any services that explicitly depend on it will fail to start.","0"
"ScDeviceEnum","Smart Card Device Enumeration Service","Stopped","Disabled","LocalSystem","C:\Windows\system32\svchost.exe -k LocalSystemNetworkRestricted","C:\Windows\system32\svchost.exe","True","False","Creates software device nodes for all smart card readers accessible to a given session. If this service is disabled, WinRT APIs will not be able to enumerate smart card readers.","0"
"Schedule","Task Scheduler","Running","Auto","LocalSystem","C:\Windows\system32\svchost.exe -k netsvcs -p","C:\Windows\system32\svchost.exe","True","False","Enables a user to configure and schedule automated tasks on this computer. The service also hosts multiple Windows system-critical tasks. If this service is stopped or disabled, these tasks will not be run at their scheduled times. If this service is disabled, any services that explicitly depend on ...","2080"
"SCPolicySvc","Smart Card Removal Policy","Stopped","Manual","LocalSystem","C:\Windows\system32\svchost.exe -k netsvcs","C:\Windows\system32\svchost.exe","True","False","Allows the system to be configured to lock the user desktop upon smart card removal.","0"
"seclogon","Secondary Logon","Stopped","Manual","LocalSystem","C:\Windows\system32\svchost.exe -k netsvcs -p","C:\Windows\system32\svchost.exe","True","False","Enables starting processes under alternate credentials. If this service is stopped, this type of logon access will be unavailable. If this service is disabled, any services that explicitly depend on it will fail to start.","0"
"SecurityHealthService","Windows Security Service","Running","Manual","LocalSystem","C:\Windows\system32\SecurityHealthService.exe","C:\Windows\system32\SecurityHealthService.exe","True","False","Windows Security Service handles unified device protection and health information","30808"
"SEMgrSvc","Payments and NFC/SE Manager","Stopped","Disabled","NT AUTHORITY\LocalService","C:\Windows\system32\svchost.exe -k LocalService -p","C:\Windows\system32\svchost.exe","True","False","Manages payments and Near Field Communication (NFC) based secure elements.","0"
"SENS","System Event Notification Service","Running","Auto","LocalSystem","C:\Windows\system32\svchost.exe -k netsvcs -p","C:\Windows\system32\svchost.exe","True","False","Monitors system events and notifies subscribers to COM+ Event System of these events.","1648"
"Sense","Windows Defender Advanced Threat Protection Service","Stopped","Manual","LocalSystem","""C:\Program Files\Windows Defender Advanced Threat Protection\MsSense.exe""","C:\Program Files\Windows Defender Advanced Threat Protection\MsSense.exe","True","False","Windows Defender Advanced Threat Protection service helps protect against advanced threats by monitoring and reporting security events that happen on the computer.","0"
"SensorDataService","Sensor Data Service","Stopped","Disabled","LocalSystem","C:\Windows\System32\SensorDataService.exe","C:\Windows\System32\SensorDataService.exe","True","False","Delivers data from a variety of sensors","0"
"SensorService","Sensor Service","Stopped","Manual","LocalSystem","C:\Windows\system32\svchost.exe -k LocalSystemNetworkRestricted -p","C:\Windows\system32\svchost.exe","True","False","A service for sensors that manages different sensors' functionality. Manages Simple Device Orientation (SDO) and History for sensors. Loads the SDO sensor that reports device orientation changes.  If this service is stopped or disabled, the SDO sensor will not be loaded and so auto-rotation will not...","0"
"SensrSvc","Sensor Monitoring Service","Stopped","Manual","NT AUTHORITY\LocalService","C:\Windows\system32\svchost.exe -k LocalServiceAndNoImpersonation -p","C:\Windows\system32\svchost.exe","True","False","Monitors various sensors in order to expose data and adapt to system and user state.  If this service is stopped or disabled, the display brightness will not adapt to lighting conditions. Stopping this service may affect other system functionality and features as well.","0"
"SessionEnv","Remote Desktop Configuration","Running","Manual","localSystem","C:\Windows\System32\svchost.exe -k netsvcs -p","C:\Windows\System32\svchost.exe","True","False","Remote Desktop Configuration service (RDCS) is responsible for all Remote Desktop Services and Remote Desktop related configuration and session maintenance activities that require SYSTEM context. These include per-session temporary folders, RD themes, and RD certificates.","2812"
"SharedAccess","Internet Connection Sharing (ICS)","Stopped","Disabled","LocalSystem","C:\Windows\System32\svchost.exe -k netsvcs -p","C:\Windows\System32\svchost.exe","True","False","Provides network address translation, addressing, name resolution and/or intrusion prevention services for a home or small office network.","0"
"ShellHWDetection","Shell Hardware Detection","Running","Auto","LocalSystem","C:\Windows\System32\svchost.exe -k netsvcs -p","C:\Windows\System32\svchost.exe","True","False","Provides notifications for AutoPlay hardware events.","2332"
"shpamsvc","Shared PC Account Manager","Stopped","Disabled","LocalSystem","C:\Windows\System32\svchost.exe -k netsvcs -p","C:\Windows\System32\svchost.exe","True","False","Manages profiles and accounts on a SharedPC configured device","0"
"SLDAgentOP","SAP Business One SLD Agent Service","Running","Auto","LocalSystem","""c:\Program Files\SAP\SAP Business One SLD Agent\sldagentservice\sldAgent.exe"" //RS//SLDAgentOP","c:\Program Files\SAP\SAP Business One SLD Agent\sldagentservice\sldAgent.exe","True","False","SAP Business One SLD Agent Service","3576"
"smphost","Microsoft Storage Spaces SMP","Stopped","Manual","NT AUTHORITY\NetworkService","C:\Windows\System32\svchost.exe -k smphost","C:\Windows\System32\svchost.exe","True","False","Host service for the Microsoft Storage Spaces management provider. If this service is stopped or disabled, Storage Spaces cannot be managed.","0"
"SNMP","SNMP Service","Running","Auto","LocalSystem","C:\Windows\System32\snmp.exe","C:\Windows\System32\snmp.exe","True","False","Enables Simple Network Management Protocol (SNMP) requests to be processed by this computer. If this service is stopped, the computer will be unable to process SNMP requests. If this service is disabled, any services that explicitly depend on it will fail to start.","3568"
"SNMPTRAP","SNMP Trap","Stopped","Manual","NT AUTHORITY\LocalService","C:\Windows\System32\snmptrap.exe","C:\Windows\System32\snmptrap.exe","True","False","Receives trap messages generated by local or remote Simple Network Management Protocol (SNMP) agents and forwards the messages to SNMP management programs running on this computer. If this service is stopped, SNMP-based programs on this computer will not receive SNMP trap messages. If this service i...","0"
"Spooler","Print Spooler","Running","Auto","LocalSystem","C:\Windows\System32\spoolsv.exe","C:\Windows\System32\spoolsv.exe","True","False","This service spools print jobs and handles interaction with the printer.  If you turn off this service, you won’t be able to print or see your printers.","3040"
"sppsvc","Software Protection","Running","Auto","NT AUTHORITY\NetworkService","C:\Windows\system32\sppsvc.exe","C:\Windows\system32\sppsvc.exe","True","False","Enables the download, installation and enforcement of digital licenses for Windows and Windows applications. If the service is disabled, the operating system and licensed applications may run in a notification mode. It is strongly recommended that you not disable the Software Protection service.","16580"
"SQLBrowser","SQL Server Browser","Running","Auto","NT AUTHORITY\LOCALSERVICE","""C:\Program Files (x86)\Microsoft SQL Server\90\Shared\sqlbrowser.exe""","C:\Program Files (x86)\Microsoft SQL Server\90\Shared\sqlbrowser.exe","True","False","Provides SQL Server connection information to client computers.","3816"
"SQLSERVERAGENT","SQL Server Agent (MSSQLSERVER)","Running","Auto","NT Service\SQLSERVERAGENT","""C:\Program Files\Microsoft SQL Server\MSSQL15.MSSQLSERVER\MSSQL\Binn\SQLAGENT.EXE"" -i MSSQLSERVER","C:\Program Files\Microsoft SQL Server\MSSQL15.MSSQLSERVER\MSSQL\Binn\SQLAGENT.EXE","True","False","Executes jobs, monitors SQL Server, fires alerts, and allows automation of some administrative tasks.","13356"
"SQLTELEMETRY","SQL Server CEIP service (MSSQLSERVER)","Running","Auto","NT Service\SQLTELEMETRY","""C:\Program Files\Microsoft SQL Server\MSSQL15.MSSQLSERVER\MSSQL\Binn\sqlceip.exe"" -Service","C:\Program Files\Microsoft SQL Server\MSSQL15.MSSQLSERVER\MSSQL\Binn\sqlceip.exe","True","False","CEIP service for Sql server","5600"
"SQLWriter","SQL Server VSS Writer","Running","Auto","LocalSystem","""C:\Program Files\Microsoft SQL Server\90\Shared\sqlwriter.exe""","C:\Program Files\Microsoft SQL Server\90\Shared\sqlwriter.exe","True","False","Provides the interface to backup/restore Microsoft SQL server through the Windows VSS infrastructure.","3624"
"SSDPSRV","SSDP Discovery","Stopped","Disabled","NT AUTHORITY\LocalService","C:\Windows\system32\svchost.exe -k LocalServiceAndNoImpersonation -p","C:\Windows\system32\svchost.exe","True","False","Discovers networked devices and services that use the SSDP discovery protocol, such as UPnP devices. Also announces SSDP devices and services running on the local computer. If this service is stopped, SSDP-based devices will not be discovered. If this service is disabled, any services that explicitl...","0"
"ssh-agent","OpenSSH Authentication Agent","Stopped","Disabled","LocalSystem","C:\Windows\System32\OpenSSH\ssh-agent.exe","C:\Windows\System32\OpenSSH\ssh-agent.exe","True","False","Agent to hold private keys used for public key authentication.","0"
"sshd","OpenSSH SSH Server","Running","Auto","LocalSystem","C:\Windows\System32\OpenSSH\sshd.exe","C:\Windows\System32\OpenSSH\sshd.exe","True","False","SSH protocol based service to provide secure encrypted communications between two untrusted hosts over an insecure network.","3596"
"SstpSvc","Secure Socket Tunneling Protocol Service","Running","Manual","NT Authority\LocalService","C:\Windows\system32\svchost.exe -k LocalService -p","C:\Windows\system32\svchost.exe","True","False","Provides support for the Secure Socket Tunneling Protocol (SSTP) to connect to remote computers using VPN. If this service is disabled, users will not be able to use SSTP to access remote servers.","3472"
"StateRepository","State Repository Service","Running","Auto","LocalSystem","C:\Windows\system32\svchost.exe -k appmodel -p","C:\Windows\system32\svchost.exe","True","False","Provides required infrastructure support for the application model.","8928"
"StiSvc","Windows Image Acquisition (WIA)","Stopped","Manual","NT Authority\LocalService","C:\Windows\system32\svchost.exe -k imgsvc","C:\Windows\system32\svchost.exe","True","False","Provides image acquisition services for scanners and cameras","0"
"StorSvc","Storage Service","Running","Auto","LocalSystem","C:\Windows\System32\svchost.exe -k LocalSystemNetworkRestricted -p","C:\Windows\System32\svchost.exe","True","False","Provides enabling services for storage settings and external storage expansion","7280"
"svsvc","Spot Verifier","Stopped","Manual","LocalSystem","C:\Windows\system32\svchost.exe -k LocalSystemNetworkRestricted -p","C:\Windows\system32\svchost.exe","True","False","Verifies potential file system corruptions.","0"
"swprv","Microsoft Software Shadow Copy Provider","Stopped","Manual","LocalSystem","C:\Windows\System32\svchost.exe -k swprv","C:\Windows\System32\svchost.exe","True","False","Manages software-based volume shadow copies taken by the Volume Shadow Copy service. If this service is stopped, software-based volume shadow copies cannot be managed. If this service is disabled, any services that explicitly depend on it will fail to start.","0"
"SysMain","SysMain","Running","Auto","LocalSystem","C:\Windows\system32\svchost.exe -k LocalSystemNetworkRestricted -p","C:\Windows\system32\svchost.exe","True","False","Maintains and improves system performance over time.","3712"
"SystemEventsBroker","System Events Broker","Running","Auto","LocalSystem","C:\Windows\system32\svchost.exe -k DcomLaunch -p","C:\Windows\system32\svchost.exe","True","False","Coordinates execution of background work for WinRT application. If this service is stopped or disabled, then background work might not be triggered.","844"
"Tableau Bridge worker(db_replica@SRV-SAP)","Tableau Bridge worker(db_replica@SRV-SAP)","Stopped","Auto",".\db_replica","""C:\Program Files\Tableau\Tableau Bridge\bin\TabBridgeClientWorker.exe""","C:\Program Files\Tableau\Tableau Bridge\bin\TabBridgeClientWorker.exe","True","False","","0"
"TabletInputService","Touch Keyboard and Handwriting Panel Service","Running","Auto","LocalSystem","C:\Windows\System32\svchost.exe -k LocalSystemNetworkRestricted -p","C:\Windows\System32\svchost.exe","True","False","Enables Touch Keyboard and Handwriting Panel pen and ink functionality","15080"
"TAO_NT_Naming_Service","TAO NT Naming Service (64-bit)","Running","Manual","LocalSystem","""c:\Program Files\SAP\SAP Business One ServerTools\License Service\service\TAO_NT_CosNaming.exe""","c:\Program Files\SAP\SAP Business One ServerTools\License Service\service\TAO_NT_CosNaming.exe","True","False","TAO NT Naming Service (64-bit) for SAP Business One License Manager (64-bit)","6680"
"tapisrv","Telephony","Stopped","Manual","NT AUTHORITY\NetworkService","C:\Windows\System32\svchost.exe -k NetworkService -p","C:\Windows\System32\svchost.exe","True","False","Provides Telephony API (TAPI) support for programs that control telephony devices on the local computer and, through the LAN, on servers that are also running the service.","0"
"TermService","Remote Desktop Services","Running","Manual","NT Authority\NetworkService","C:\Windows\System32\svchost.exe -k termsvcs","C:\Windows\System32\svchost.exe","True","False","Allows users to connect interactively to a remote computer. Remote Desktop and Remote Desktop Session Host Server depend on this service.  To prevent remote use of this computer, clear the checkboxes on the Remote tab of the System properties control panel item.","1388"
"Themes","Themes","Running","Auto","LocalSystem","C:\Windows\System32\svchost.exe -k netsvcs -p","C:\Windows\System32\svchost.exe","True","False","Provides user experience theme management.","1860"
"TieringEngineService","Storage Tiers Management","Stopped","Manual","localSystem","C:\Windows\system32\TieringEngineService.exe","C:\Windows\system32\TieringEngineService.exe","True","False","Optimizes the placement of data in storage tiers on all tiered storage spaces in the system.","0"
"TimeBrokerSvc","Time Broker","Running","Manual","NT AUTHORITY\LocalService","C:\Windows\system32\svchost.exe -k LocalServiceNetworkRestricted -p","C:\Windows\system32\svchost.exe","True","False","Coordinates execution of background work for WinRT application. If this service is stopped or disabled, then background work might not be triggered.","1504"
"TokenBroker","Web Account Manager","Running","Manual","LocalSystem","C:\Windows\system32\svchost.exe -k netsvcs -p","C:\Windows\system32\svchost.exe","True","False","This service is used by Web Account Manager to provide single-sign-on to apps and services.","15928"
"TrkWks","Distributed Link Tracking Client","Running","Auto","LocalSystem","C:\Windows\System32\svchost.exe -k LocalSystemNetworkRestricted -p","C:\Windows\System32\svchost.exe","True","False","Maintains links between NTFS files within a computer or across computers in a network.","3544"
"TrustedInstaller","Windows Modules Installer","Running","Manual","localSystem","C:\Windows\servicing\TrustedInstaller.exe","C:\Windows\servicing\TrustedInstaller.exe","True","False","Enables installation, modification, and removal of Windows updates and optional components. If this service is disabled, install or uninstall of Windows updates might fail for this computer.","56296"
"tzautoupdate","Auto Time Zone Updater","Stopped","Disabled","NT AUTHORITY\LocalService","C:\Windows\system32\svchost.exe -k LocalService -p","C:\Windows\system32\svchost.exe","True","False","Automatically sets the system time zone.","0"
"UALSVC","User Access Logging Service","Running","Auto","LocalSystem","C:\Windows\system32\svchost.exe -k LocalSystemNetworkRestricted -p","C:\Windows\system32\svchost.exe","True","False","This service logs unique client access requests, in the form of IP addresses and user names, of installed products and roles on the local server. This information can be queried, via Powershell, by administrators needing to quantify client demand of server software for offline Client Access License ...","9464"
"UevAgentService","User Experience Virtualization Service","Stopped","Disabled","LocalSystem","C:\Windows\system32\AgentService.exe","C:\Windows\system32\AgentService.exe","True","False","Provides support for application and OS settings roaming","0"
"UmRdpService","Remote Desktop Services UserMode Port Redirector","Running","Manual","localSystem","C:\Windows\System32\svchost.exe -k LocalSystemNetworkRestricted -p","C:\Windows\System32\svchost.exe","True","False","Allows the redirection of Printers/Drives/Ports for RDP connections","2052"
"upnphost","UPnP Device Host","Stopped","Disabled","NT AUTHORITY\LocalService","C:\Windows\system32\svchost.exe -k LocalServiceAndNoImpersonation -p","C:\Windows\system32\svchost.exe","True","False","Allows UPnP devices to be hosted on this computer. If this service is stopped, any hosted UPnP devices will stop functioning and no additional hosted devices can be added. If this service is disabled, any services that explicitly depend on it will fail to start.","0"
"UserManager","User Manager","Running","Auto","LocalSystem","C:\Windows\system32\svchost.exe -k netsvcs -p","C:\Windows\system32\svchost.exe","True","False","User Manager provides the runtime components required for multi-user interaction.  If this service is stopped, some applications may not operate correctly.","2836"
"UsoSvc","Update Orchestrator Service","Running","Auto","LocalSystem","C:\Windows\system32\svchost.exe -k netsvcs -p","C:\Windows\system32\svchost.exe","True","False","Manages Windows Updates. If stopped, your devices will not be able to download and install the latest updates.","3048"
"VaultSvc","Credential Manager","Stopped","Manual","LocalSystem","C:\Windows\system32\lsass.exe","C:\Windows\system32\lsass.exe","True","False","Provides secure storage and retrieval of credentials to users, applications and security service packages.","0"
"vds","Virtual Disk","Stopped","Manual","LocalSystem","C:\Windows\System32\vds.exe","C:\Windows\System32\vds.exe","True","False","Provides management services for disks, volumes, file systems, and storage arrays.","0"
"VGAuthService","VMware Alias Manager and Ticket Service","Running","Auto","LocalSystem","""C:\Program Files\VMware\VMware Tools\VMware VGAuth\VGAuthService.exe""","C:\Program Files\VMware\VMware Tools\VMware VGAuth\VGAuthService.exe","True","False","Alias Manager and Ticket Service","3824"
"vm3dservice","VMware SVGA Helper Service","Running","Auto","LocalSystem","C:\Windows\system32\vm3dservice.exe","C:\Windows\system32\vm3dservice.exe","True","False","Helps VMware SVGA driver by collecting and conveying user mode information","3684"
"vmicguestinterface","Hyper-V Guest Service Interface","Stopped","Manual","LocalSystem","C:\Windows\system32\svchost.exe -k LocalSystemNetworkRestricted -p","C:\Windows\system32\svchost.exe","True","False","Provides an interface for the Hyper-V host to interact with specific services running inside the virtual machine.","0"
"vmicheartbeat","Hyper-V Heartbeat Service","Stopped","Manual","LocalSystem","C:\Windows\system32\svchost.exe -k ICService -p","C:\Windows\system32\svchost.exe","True","False","Monitors the state of this virtual machine by reporting a heartbeat at regular intervals. This service helps you identify running virtual machines that have stopped responding.","0"
"vmickvpexchange","Hyper-V Data Exchange Service","Stopped","Manual","LocalSystem","C:\Windows\system32\svchost.exe -k LocalSystemNetworkRestricted -p","C:\Windows\system32\svchost.exe","True","False","Provides a mechanism to exchange data between the virtual machine and the operating system running on the physical computer.","0"
"vmicshutdown","Hyper-V Guest Shutdown Service","Stopped","Manual","LocalSystem","C:\Windows\system32\svchost.exe -k LocalSystemNetworkRestricted -p","C:\Windows\system32\svchost.exe","True","False","Provides a mechanism to shut down the operating system of this virtual machine from the management interfaces on the physical computer.","0"
"vmictimesync","Hyper-V Time Synchronization Service","Stopped","Manual","NT AUTHORITY\LocalService","C:\Windows\system32\svchost.exe -k LocalServiceNetworkRestricted -p","C:\Windows\system32\svchost.exe","True","False","Synchronizes the system time of this virtual machine with the system time of the physical computer.","0"
"vmicvmsession","Hyper-V PowerShell Direct Service","Stopped","Manual","LocalSystem","C:\Windows\system32\svchost.exe -k LocalSystemNetworkRestricted -p","C:\Windows\system32\svchost.exe","True","False","Provides a mechanism to manage virtual machine with PowerShell via VM session without a virtual network.","0"
"vmicvss","Hyper-V Volume Shadow Copy Requestor","Stopped","Manual","LocalSystem","C:\Windows\system32\svchost.exe -k LocalSystemNetworkRestricted -p","C:\Windows\system32\svchost.exe","True","False","Coordinates the communications that are required to use Volume Shadow Copy Service to back up applications and data on this virtual machine from the operating system on the physical computer.","0"
"VMTools","VMware Tools","Stopped","Auto","LocalSystem","""C:\Program Files\VMware\VMware Tools\vmtoolsd.exe""","C:\Program Files\VMware\VMware Tools\vmtoolsd.exe","True","False","Provides support for synchronizing objects between the host and guest operating systems.","0"
"vmvss","VMware Snapshot Provider","Stopped","Manual","LocalSystem","C:\Windows\system32\dllhost.exe /Processid:{CF99FE95-EA49-4765-98C9-46B46B179F78}","C:\Windows\system32\dllhost.exe","True","False","VMware Snapshot Provider","0"
"VSInstallerElevationService","Visual Studio Installer Elevation Service","Stopped","Manual","LocalSystem","""C:\Program Files (x86)\Microsoft Visual Studio\Installer\VSInstallerElevationService.exe""","C:\Program Files (x86)\Microsoft Visual Studio\Installer\VSInstallerElevationService.exe","True","False","This service is responsible for elevating the Visual Studio Installer.","0"
"VSS","Volume Shadow Copy","Stopped","Manual","LocalSystem","C:\Windows\system32\vssvc.exe","C:\Windows\system32\vssvc.exe","True","False","Manages and implements Volume Shadow Copies used for backup and other purposes. If this service is stopped, shadow copies will be unavailable for backup and the backup may fail. If this service is disabled, any services that explicitly depend on it will fail to start.","0"
"VSStandardCollectorService150","Visual Studio Standard Collector Service 150","Stopped","Manual","LocalSystem","""C:\Program Files (x86)\Microsoft Visual Studio\Shared\Common\DiagnosticsHub.Collection.Service\StandardCollector.Service.exe""","C:\Program Files (x86)\Microsoft Visual Studio\Shared\Common\DiagnosticsHub.Collection.Service\StandardCollector.Service.exe","True","False","Visual Studio Data Collection Service. When running, this service collects real-time ETW events and processes them.","0"
"W32Time","Windows Time","Running","Auto","NT AUTHORITY\LocalService","C:\Windows\system32\svchost.exe -k LocalService","C:\Windows\system32\svchost.exe","True","False","Maintains date and time synchronization on all clients and servers in the network. If this service is stopped, date and time synchronization will be unavailable. If this service is disabled, any services that explicitly depend on it will fail to start.","3588"
"w3logsvc","W3C Logging Service","Stopped","Manual","localSystem","C:\Windows\system32\svchost.exe -k apphost","C:\Windows\system32\svchost.exe","True","False","Provides W3C logging for Internet Information Services (IIS). If this service is stopped, W3C logging configured by IIS will not work.","0"
"W3SVC","World Wide Web Publishing Service","Running","Auto","localSystem","C:\Windows\system32\svchost.exe -k iissvcs","C:\Windows\system32\svchost.exe","True","False","Provides Web connectivity and administration through the Internet Information Services Manager","3552"
"WaaSMedicSvc","Windows Update Medic Service","Stopped","Manual","LocalSystem","C:\Windows\system32\svchost.exe -k wusvcs -p","C:\Windows\system32\svchost.exe","True","False","Enables remediation and protection of Windows Update components.","0"
"WalletService","WalletService","Stopped","Disabled","LocalSystem","C:\Windows\System32\svchost.exe -k appmodel -p","C:\Windows\System32\svchost.exe","True","False","Hosts objects used by clients of the wallet","0"
"WarpJITSvc","Warp JIT Service","Stopped","Manual","NT Authority\LocalService","C:\Windows\System32\svchost.exe -k LocalServiceNetworkRestricted","C:\Windows\System32\svchost.exe","True","False","Enables JIT compilation support in d3d10warp.dll for processes in which code generation is disabled.","0"
"WAS","Windows Process Activation Service","Running","Manual","localSystem","C:\Windows\system32\svchost.exe -k iissvcs","C:\Windows\system32\svchost.exe","True","False","The Windows Process Activation Service (WAS) provides process activation, resource management and health management services for message-activated applications.","3552"
"WbioSrvc","Windows Biometric Service","Stopped","Manual","LocalSystem","C:\Windows\system32\svchost.exe -k WbioSvcGroup","C:\Windows\system32\svchost.exe","True","False","The Windows biometric service gives client applications the ability to capture, compare, manipulate, and store biometric data without gaining direct access to any biometric hardware or samples. The service is hosted in a privileged SVCHOST process.","0"
"Wcmsvc","Windows Connection Manager","Running","Auto","NT Authority\LocalService","C:\Windows\system32\svchost.exe -k LocalServiceNetworkRestricted -p","C:\Windows\system32\svchost.exe","True","False","Makes automatic connect/disconnect decisions based on the network connectivity options currently available to the PC and enables management of network connectivity based on Group Policy settings.","2144"
"WdiServiceHost","Diagnostic Service Host","Running","Manual","NT AUTHORITY\LocalService","C:\Windows\System32\svchost.exe -k LocalService -p","C:\Windows\System32\svchost.exe","True","False","The Diagnostic Service Host is used by the Diagnostic Policy Service to host diagnostics that need to run in a Local Service context.  If this service is stopped, any diagnostics that depend on it will no longer function.","2108"
"WdiSystemHost","Diagnostic System Host","Running","Manual","LocalSystem","C:\Windows\System32\svchost.exe -k LocalSystemNetworkRestricted -p","C:\Windows\System32\svchost.exe","True","False","The Diagnostic System Host is used by the Diagnostic Policy Service to host diagnostics that need to run in a Local System context.  If this service is stopped, any diagnostics that depend on it will no longer function.","59544"
"WdNisSvc","Microsoft Defender Antivirus Network Inspection Service","Running","Manual","NT AUTHORITY\LocalService","""C:\ProgramData\Microsoft\Windows Defender\Platform\4.18.26070.9-0\NisSrv.exe""","C:\ProgramData\Microsoft\Windows Defender\Platform\4.18.26070.9-0\NisSrv.exe","False","False","Helps guard against intrusion attempts targeting known and newly discovered vulnerabilities in network protocols","21396"
"Wecsvc","Windows Event Collector","Stopped","Manual","NT AUTHORITY\NetworkService","C:\Windows\system32\svchost.exe -k NetworkService -p","C:\Windows\system32\svchost.exe","True","False","This service manages persistent subscriptions to events from remote sources that support WS-Management protocol. This includes Windows Vista event logs, hardware and IPMI-enabled event sources. The service stores forwarded events in a local Event Log. If this service is stopped or disabled event sub...","0"
"WEPHOSTSVC","Windows Encryption Provider Host Service","Stopped","Manual","NT AUTHORITY\LocalService","C:\Windows\system32\svchost.exe -k WepHostSvcGroup","C:\Windows\system32\svchost.exe","True","False","Windows Encryption Provider Host Service brokers encryption related functionalities from 3rd Party Encryption Providers to processes that need to evaluate and apply EAS policies. Stopping this will compromise EAS compliancy checks that have been established by the connected Mail Accounts","0"
"wercplsupport","Problem Reports Control Panel Support","Stopped","Manual","localSystem","C:\Windows\System32\svchost.exe -k netsvcs -p","C:\Windows\System32\svchost.exe","True","False","This service provides support for viewing, sending and deletion of system-level problem reports for the Problem Reports control panel.","0"
"WerSvc","Windows Error Reporting Service","Stopped","Manual","localSystem","C:\Windows\System32\svchost.exe -k WerSvcGroup","C:\Windows\System32\svchost.exe","True","False","Allows errors to be reported when programs stop working or responding and allows existing solutions to be delivered. Also allows logs to be generated for diagnostic and repair services. If this service is stopped, error reporting might not work correctly and results of diagnostic services and repair...","0"
"WiaRpc","Still Image Acquisition Events","Stopped","Manual","LocalSystem","C:\Windows\system32\svchost.exe -k LocalSystemNetworkRestricted -p","C:\Windows\system32\svchost.exe","True","False","Launches applications associated with still image acquisition events.","0"
"WinDefend","Microsoft Defender Antivirus Service","Running","Auto","LocalSystem","""C:\ProgramData\Microsoft\Windows Defender\Platform\4.18.26070.9-0\MsMpEng.exe""","C:\ProgramData\Microsoft\Windows Defender\Platform\4.18.26070.9-0\MsMpEng.exe","False","False","Helps protect users from malware and other potentially unwanted software","43228"
"windows_exporter","Windows Exporter","Running","Auto","LocalSystem","""C:\windows_exporter\windows_exporter.exe"" --collectors.enabled ""cpu,cs,logical_disk,net,os,physical_disk,service,system,textfile"" --web.listen-address "":9090""","C:\windows_exporter\windows_exporter.exe","True","False","Prometheus exporter for Windows - InfraMonitor","4100"
"WinHttpAutoProxySvc","WinHTTP Web Proxy Auto-Discovery Service","Running","Manual","NT AUTHORITY\LocalService","C:\Windows\system32\svchost.exe -k LocalServiceNetworkRestricted -p","C:\Windows\system32\svchost.exe","True","False","WinHTTP implements the client HTTP stack and provides developers with a Win32 API and COM Automation component for sending HTTP requests and receiving responses. In addition, WinHTTP provides support for auto-discovering a proxy configuration via its implementation of the Web Proxy Auto-Discovery (W...","2552"
"Winmgmt","Windows Management Instrumentation","Running","Auto","localSystem","C:\Windows\system32\svchost.exe -k netsvcs -p","C:\Windows\system32\svchost.exe","True","False","Provides a common interface and object model to access management information about operating system, devices, applications and services. If this service is stopped, most Windows-based software will not function properly. If this service is disabled, any services that explicitly depend on it will fa...","3648"
"WinRM","Windows Remote Management (WS-Management)","Running","Auto","NT AUTHORITY\NetworkService","C:\Windows\System32\svchost.exe -k NetworkService -p","C:\Windows\System32\svchost.exe","True","False","Windows Remote Management (WinRM) service implements the WS-Management protocol for remote management. WS-Management is a standard web services protocol used for remote software and hardware management. The WinRM service listens on the network for WS-Management requests and processes them. The WinRM...","3668"
"wisvc","Windows Insider Service","Stopped","Disabled","LocalSystem","C:\Windows\system32\svchost.exe -k netsvcs -p","C:\Windows\system32\svchost.exe","True","False","Provides infrastructure support for the Windows Insider Program. This service must remain enabled for the Windows Insider Program to work.","0"
"wlidsvc","Microsoft Account Sign-in Assistant","Running","Manual","LocalSystem","C:\Windows\system32\svchost.exe -k netsvcs -p","C:\Windows\system32\svchost.exe","True","False","Enables user sign-in through Microsoft account identity services. If this service is stopped, users will not be able to logon to the computer with their Microsoft account.","42368"
"wmiApSrv","WMI Performance Adapter","Stopped","Manual","localSystem","C:\Windows\system32\wbem\WmiApSrv.exe","C:\Windows\system32\wbem\WmiApSrv.exe","True","False","Provides performance library information from Windows Management Instrumentation (WMI) providers to clients on the network. This service only runs when Performance Data Helper is activated.","0"
"WMPNetworkSvc","Windows Media Player Network Sharing Service","Stopped","Manual","NT AUTHORITY\NetworkService","""C:\Program Files\Windows Media Player\wmpnetwk.exe""","C:\Program Files\Windows Media Player\wmpnetwk.exe","True","False","Shares Windows Media Player libraries to other networked players and media devices using Universal Plug and Play","0"
"WMSVC","Web Management Service","Stopped","Manual","NT AUTHORITY\LocalService","C:\Windows\system32\inetsrv\wmsvc.exe","C:\Windows\system32\inetsrv\wmsvc.exe","True","False","The Web Management Service enables remote and delegated management capabilities for administrators to manage for the Web server, sites and applications present on this machine.","0"
"WPDBusEnum","Portable Device Enumerator Service","Stopped","Manual","LocalSystem","C:\Windows\system32\svchost.exe -k LocalSystemNetworkRestricted","C:\Windows\system32\svchost.exe","True","False","Enforces group policy for removable mass-storage devices. Enables applications such as Windows Media Player and Image Import Wizard to transfer and synchronize content using removable mass-storage devices.","0"
"WpnService","Windows Push Notifications System Service","Running","Auto","LocalSystem","C:\Windows\system32\svchost.exe -k netsvcs -p","C:\Windows\system32\svchost.exe","True","False","This service runs in session 0 and hosts the notification platform and connection provider which handles the connection between the device and WNS server.","3348"
"WSearch","Windows Search","Running","Auto","LocalSystem","C:\Windows\system32\SearchIndexer.exe /Embedding","C:\Windows\system32\SearchIndexer.exe","True","False","Provides content indexing, property caching, and search results for files, e-mail, and other content.","10636"
"wuauserv","Windows Update","Running","Manual","LocalSystem","C:\Windows\system32\svchost.exe -k netsvcs -p","C:\Windows\system32\svchost.exe","True","False","Enables the detection, download, and installation of updates for Windows and other programs. If this service is disabled, users of this computer will not be able to use Windows Update or its automatic updating feature, and programs will not be able to use the Windows Update Agent (WUA) API.","42204"
"CaptureService_1ec7feb","CaptureService_1ec7feb","Stopped","Manual","","C:\Windows\system32\svchost.exe -k LocalService -p","C:\Windows\system32\svchost.exe","True","False","Enables optional screen capture functionality for applications that call the Windows.Graphics.Capture API.","0"
"cbdhsvc_1ec7feb","Clipboard User Service_1ec7feb","Running","Auto","","C:\Windows\system32\svchost.exe -k ClipboardSvcGroup -p","C:\Windows\system32\svchost.exe","True","False","This user service is used for Clipboard scenarios","10204"
"CDPUserSvc_1ec7feb","Connected Devices Platform User Service_1ec7feb","Running","Auto","","C:\Windows\system32\svchost.exe -k UnistackSvcGroup","C:\Windows\system32\svchost.exe","True","False","This user service is used for Connected Devices Platform scenarios","16252"
"ConsentUxUserSvc_1ec7feb","ConsentUX User Service_1ec7feb","Stopped","Manual","","C:\Windows\system32\svchost.exe -k DevicesFlow","C:\Windows\system32\svchost.exe","True","False","Allows the system to request user consent to allow apps to access sensitive resources and information such as the device's location","0"
"CredentialEnrollmentManagerUserSvc_1ec7feb","CredentialEnrollmentManagerUserSvc_1ec7feb","Stopped","Manual","","C:\Windows\system32\CredentialEnrollmentManager.exe","C:\Windows\system32\CredentialEnrollmentManager.exe","True","False","Credential Enrollment Manager","0"
"DeviceAssociationBrokerSvc_1ec7feb","DeviceAssociationBroker_1ec7feb","Stopped","Manual","","C:\Windows\system32\svchost.exe -k DevicesFlow -p","C:\Windows\system32\svchost.exe","True","False","Enables apps to pair devices","0"
"DevicePickerUserSvc_1ec7feb","DevicePicker_1ec7feb","Stopped","Disabled","","C:\Windows\system32\svchost.exe -k DevicesFlow","C:\Windows\system32\svchost.exe","True","False","This user service is used for managing the Miracast, DLNA, and DIAL UI","0"
"DevicesFlowUserSvc_1ec7feb","DevicesFlow_1ec7feb","Stopped","Manual","","C:\Windows\system32\svchost.exe -k DevicesFlow","C:\Windows\system32\svchost.exe","True","False","Allows ConnectUX and PC Settings to Connect and Pair with WiFi displays and Bluetooth devices.","0"
"PimIndexMaintenanceSvc_1ec7feb","Contact Data_1ec7feb","Running","Manual","","C:\Windows\system32\svchost.exe -k UnistackSvcGroup","C:\Windows\system32\svchost.exe","True","False","Indexes contact data for fast contact searching. If you stop or disable this service, contacts might be missing from your search results.","27428"
"PrintWorkflowUserSvc_1ec7feb","PrintWorkflow_1ec7feb","Running","Manual","","C:\Windows\system32\svchost.exe -k PrintWorkflow","C:\Windows\system32\svchost.exe","True","False","Provides support for Print Workflow applications. If you turn off this service, you may not be able to print successfully.","6908"
"UdkUserSvc_1ec7feb","Udk User Service_1ec7feb","Stopped","Manual","","C:\Windows\system32\svchost.exe -k UdkSvcGroup","C:\Windows\system32\svchost.exe","True","False","Shell components service","0"
"UnistoreSvc_1ec7feb","User Data Storage_1ec7feb","Running","Manual","","C:\Windows\System32\svchost.exe -k UnistackSvcGroup","C:\Windows\System32\svchost.exe","True","False","Handles storage of structured user data, including contact info, calendars, messages, and other content. If you stop or disable this service, apps that use this data might not work correctly.","27428"
"UserDataSvc_1ec7feb","User Data Access_1ec7feb","Running","Manual","","C:\Windows\system32\svchost.exe -k UnistackSvcGroup","C:\Windows\system32\svchost.exe","True","False","Provides apps access to structured user data, including contact info, calendars, messages, and other content. If you stop or disable this service, apps that use this data might not work correctly.","27428"
"WpnUserService_1ec7feb","Windows Push Notifications User Service_1ec7feb","Running","Auto","","C:\Windows\system32\svchost.exe -k UnistackSvcGroup","C:\Windows\system32\svchost.exe","True","False","This service hosts Windows notification platform which provides support for local and push notifications. Supported notifications are tile, toast and raw.","16200"
"CaptureService_1147d352","CaptureService_1147d352","Stopped","Manual","","C:\Windows\system32\svchost.exe -k LocalService -p","C:\Windows\system32\svchost.exe","True","False","Enables optional screen capture functionality for applications that call the Windows.Graphics.Capture API.","0"
"cbdhsvc_1147d352","Clipboard User Service_1147d352","Running","Auto","","C:\Windows\system32\svchost.exe -k ClipboardSvcGroup -p","C:\Windows\system32\svchost.exe","True","False","This user service is used for Clipboard scenarios","38820"
"CDPUserSvc_1147d352","Connected Devices Platform User Service_1147d352","Running","Auto","","C:\Windows\system32\svchost.exe -k UnistackSvcGroup","C:\Windows\system32\svchost.exe","True","False","This user service is used for Connected Devices Platform scenarios","34992"
"ConsentUxUserSvc_1147d352","ConsentUX User Service_1147d352","Stopped","Manual","","C:\Windows\system32\svchost.exe -k DevicesFlow","C:\Windows\system32\svchost.exe","True","False","Allows the system to request user consent to allow apps to access sensitive resources and information such as the device's location","0"
"CredentialEnrollmentManagerUserSvc_1147d352","CredentialEnrollmentManagerUserSvc_1147d352","Stopped","Manual","","C:\Windows\system32\CredentialEnrollmentManager.exe","C:\Windows\system32\CredentialEnrollmentManager.exe","True","False","Credential Enrollment Manager","0"
"DeviceAssociationBrokerSvc_1147d352","DeviceAssociationBroker_1147d352","Stopped","Manual","","C:\Windows\system32\svchost.exe -k DevicesFlow -p","C:\Windows\system32\svchost.exe","True","False","Enables apps to pair devices","0"
"DevicePickerUserSvc_1147d352","DevicePicker_1147d352","Stopped","Disabled","","C:\Windows\system32\svchost.exe -k DevicesFlow","C:\Windows\system32\svchost.exe","True","False","This user service is used for managing the Miracast, DLNA, and DIAL UI","0"
"DevicesFlowUserSvc_1147d352","DevicesFlow_1147d352","Stopped","Manual","","C:\Windows\system32\svchost.exe -k DevicesFlow","C:\Windows\system32\svchost.exe","True","False","Allows ConnectUX and PC Settings to Connect and Pair with WiFi displays and Bluetooth devices.","0"
"PimIndexMaintenanceSvc_1147d352","Contact Data_1147d352","Running","Manual","","C:\Windows\system32\svchost.exe -k UnistackSvcGroup","C:\Windows\system32\svchost.exe","True","False","Indexes contact data for fast contact searching. If you stop or disable this service, contacts might be missing from your search results.","14208"
"PrintWorkflowUserSvc_1147d352","PrintWorkflow_1147d352","Stopped","Manual","","C:\Windows\system32\svchost.exe -k PrintWorkflow","C:\Windows\system32\svchost.exe","True","False","Provides support for Print Workflow applications. If you turn off this service, you may not be able to print successfully.","0"
"UdkUserSvc_1147d352","Udk User Service_1147d352","Stopped","Manual","","C:\Windows\system32\svchost.exe -k UdkSvcGroup","C:\Windows\system32\svchost.exe","True","False","Shell components service","0"
"UnistoreSvc_1147d352","User Data Storage_1147d352","Running","Manual","","C:\Windows\System32\svchost.exe -k UnistackSvcGroup","C:\Windows\System32\svchost.exe","True","False","Handles storage of structured user data, including contact info, calendars, messages, and other content. If you stop or disable this service, apps that use this data might not work correctly.","14208"
"UserDataSvc_1147d352","User Data Access_1147d352","Running","Manual","","C:\Windows\system32\svchost.exe -k UnistackSvcGroup","C:\Windows\system32\svchost.exe","True","False","Provides apps access to structured user data, including contact info, calendars, messages, and other content. If you stop or disable this service, apps that use this data might not work correctly.","14208"
"WpnUserService_1147d352","Windows Push Notifications User Service_1147d352","Running","Auto","","C:\Windows\system32\svchost.exe -k UnistackSvcGroup","C:\Windows\system32\svchost.exe","True","False","This service hosts Windows notification platform which provides support for local and push notifications. Supported notifications are tile, toast and raw.","21216"
"Tableau Bridge worker(Administrator@SRV-SAP)","Tableau Bridge worker(Administrator@SRV-SAP)","Running","Auto",".\Administrator","""C:\Program Files\Tableau\Tableau Bridge\bin\TabBridgeClientWorker.exe""","C:\Program Files\Tableau\Tableau Bridge\bin\TabBridgeClientWorker.exe","True","False","","39824"
"CaptureService_5ee720de","CaptureService_5ee720de","Stopped","Manual","","C:\Windows\system32\svchost.exe -k LocalService -p","C:\Windows\system32\svchost.exe","True","False","Enables optional screen capture functionality for applications that call the Windows.Graphics.Capture API.","0"
"cbdhsvc_5ee720de","Clipboard User Service_5ee720de","Running","Auto","","C:\Windows\system32\svchost.exe -k ClipboardSvcGroup -p","C:\Windows\system32\svchost.exe","True","False","This user service is used for Clipboard scenarios","57420"
"CDPUserSvc_5ee720de","Connected Devices Platform User Service_5ee720de","Running","Auto","","C:\Windows\system32\svchost.exe -k UnistackSvcGroup","C:\Windows\system32\svchost.exe","True","False","This user service is used for Connected Devices Platform scenarios","4676"
"ConsentUxUserSvc_5ee720de","ConsentUX User Service_5ee720de","Stopped","Manual","","C:\Windows\system32\svchost.exe -k DevicesFlow","C:\Windows\system32\svchost.exe","True","False","Allows the system to request user consent to allow apps to access sensitive resources and information such as the device's location","0"
"CredentialEnrollmentManagerUserSvc_5ee720de","CredentialEnrollmentManagerUserSvc_5ee720de","Stopped","Manual","","C:\Windows\system32\CredentialEnrollmentManager.exe","C:\Windows\system32\CredentialEnrollmentManager.exe","True","False","Credential Enrollment Manager","0"
"DeviceAssociationBrokerSvc_5ee720de","DeviceAssociationBroker_5ee720de","Stopped","Manual","","C:\Windows\system32\svchost.exe -k DevicesFlow -p","C:\Windows\system32\svchost.exe","True","False","Enables apps to pair devices","0"
"DevicePickerUserSvc_5ee720de","DevicePicker_5ee720de","Stopped","Disabled","","C:\Windows\system32\svchost.exe -k DevicesFlow","C:\Windows\system32\svchost.exe","True","False","This user service is used for managing the Miracast, DLNA, and DIAL UI","0"
"DevicesFlowUserSvc_5ee720de","DevicesFlow_5ee720de","Stopped","Manual","","C:\Windows\system32\svchost.exe -k DevicesFlow","C:\Windows\system32\svchost.exe","True","False","Allows ConnectUX and PC Settings to Connect and Pair with WiFi displays and Bluetooth devices.","0"
"PimIndexMaintenanceSvc_5ee720de","Contact Data_5ee720de","Stopped","Manual","","C:\Windows\system32\svchost.exe -k UnistackSvcGroup","C:\Windows\system32\svchost.exe","True","False","Indexes contact data for fast contact searching. If you stop or disable this service, contacts might be missing from your search results.","0"
"PrintWorkflowUserSvc_5ee720de","PrintWorkflow_5ee720de","Running","Manual","","C:\Windows\system32\svchost.exe -k PrintWorkflow","C:\Windows\system32\svchost.exe","True","False","Provides support for Print Workflow applications. If you turn off this service, you may not be able to print successfully.","27192"
"UdkUserSvc_5ee720de","Udk User Service_5ee720de","Stopped","Manual","","C:\Windows\system32\svchost.exe -k UdkSvcGroup","C:\Windows\system32\svchost.exe","True","False","Shell components service","0"
"UnistoreSvc_5ee720de","User Data Storage_5ee720de","Stopped","Manual","","C:\Windows\System32\svchost.exe -k UnistackSvcGroup","C:\Windows\System32\svchost.exe","True","False","Handles storage of structured user data, including contact info, calendars, messages, and other content. If you stop or disable this service, apps that use this data might not work correctly.","0"
"UserDataSvc_5ee720de","User Data Access_5ee720de","Stopped","Manual","","C:\Windows\system32\svchost.exe -k UnistackSvcGroup","C:\Windows\system32\svchost.exe","True","False","Provides apps access to structured user data, including contact info, calendars, messages, and other content. If you stop or disable this service, apps that use this data might not work correctly.","0"
"WpnUserService_5ee720de","Windows Push Notifications User Service_5ee720de","Running","Auto","","C:\Windows\system32\svchost.exe -k UnistackSvcGroup","C:\Windows\system32\svchost.exe","True","False","This service hosts Windows notification platform which provides support for local and push notifications. Supported notifications are tile, toast and raw.","51392"
